상품코드,상품번호
P00000NB,339
P00000NA,338
P00000MZ,337
P00000MY,336
P00000MX,335
P00000MW,334
P00000MV,333
P00000MU,332
P00000MT,331
P00000MS,330
P00000MI,320
P00000MH,319
P00000MG,318
P00000MF,317
P00000ME,316
P00000MD,315
P00000MC,314
P00000MB,313
P00000MA,312
P00000LZ,311
P00000LY,310
P00000LX,309
P00000LW,308
P00000LV,307
P00000LU,306
P00000LT,305
P00000LS,304
P00000LR,303
P00000LQ,302
P00000LP,301
P00000LO,300
P00000LN,299
P00000LM,298
P00000LL,297
P00000LK,296
P00000LJ,295
P00000LI,294
P00000LH,293
P00000LG,292
P00000LF,291
P00000LE,290
P00000LD,289
P00000LC,288
P00000LB,287
P00000LA,286
P00000KZ,285
P00000KY,284
P00000KX,283
P00000KW,282
P00000KV,281
P00000KU,280
P00000KT,279
P00000KS,278
P00000KR,277
P00000KQ,276
P00000KP,275
P00000KO,274
P00000KN,273
P00000KM,272
P00000KL,271
P00000KK,270
P00000KJ,269
P00000KI,268
P00000KH,267
P00000KG,266
P00000KF,265
P00000KE,264
P00000KD,263
P00000KC,262
P00000KB,261
P00000JZ,259
P00000JY,258
P00000JX,257
P00000JW,256
P00000JT,253
P00000JS,252
P00000JR,251
P00000JQ,250
P00000JP,249
P00000JO,248
P00000JN,247
P00000JM,246
P00000JL,245
P00000JK,244
P00000JJ,243
P00000JI,242
P00000JH,241
P00000JG,240
P00000JF,239
P00000JE,238
P00000JD,237
P00000JC,236
P00000JB,235
P00000JA,234
P00000IZ,233
P00000IY,232
P00000IX,231
P00000IW,230
P00000IV,229
P00000IU,228
P00000IT,227
P00000IS,226
P00000IR,225
P00000IQ,224
P00000IP,223
P00000IO,222
P00000IN,221
P00000IM,220
P00000IL,219
P00000IK,218
P00000IJ,217
P00000II,216
P00000IH,215
P00000IG,214
P00000IF,213
P00000IE,212
P00000ID,211
P00000IC,210
P00000IB,209
P00000IA,208
P00000HZ,207
P00000HY,206
P00000HX,205
P00000HW,204
P00000HV,203
P00000HU,202
P00000HT,201
P00000HS,200
P00000HR,199
P00000HQ,198
P00000HP,197
P00000HO,196
P00000HN,195
P00000HM,194
P00000HL,193
P00000HK,192
P00000HJ,191
P00000HI,190
P00000HH,189
P00000HG,188
P00000HF,187
P00000HE,186
P00000HD,185
P00000HC,184
P00000HB,183
P00000HA,182
P00000GZ,181
P00000GY,180
P00000GX,179
P00000GW,178
P00000GV,177
P00000GU,176
P00000GT,175
P00000GS,174
P00000GR,173
P00000GQ,172
P00000GP,171
P00000GO,170
P00000GN,169
P00000GM,168
P00000GL,167
P00000GK,166
P00000GJ,165
P00000GD,159
P00000GE,160
P00000GF,161
P00000GG,162
P00000GH,163
P00000GI,164
P00000FW,152
P00000FX,153
P00000FY,154
P00000FZ,155
P00000GA,156
P00000GB,157
P00000GC,158
P00000FV,151
P00000FU,150
P00000FT,149
P00000FS,148
P00000FR,147
P00000FQ,146
P00000FP,145
P00000FO,144
P00000FN,143
P00000FM,142
P00000FB,131
P00000FC,132
P00000FD,133
P00000FE,134
P00000FF,135
P00000FG,136
P00000FH,137
P00000FI,138
P00000FJ,139
P00000FK,140
P00000FL,141
P00000DO,92
P00000DP,93
P00000DQ,94
P00000CZ,77
P00000CY,76
P00000CX,75
P00000CV,73
P00000CU,72
P00000CT,71
P00000CR,69
P00000CO,66
P00000CN,65
P00000CK,62
P00000CG,58
P00000CF,57
P00000CB,53
P00000CA,52
P00000BZ,51
P00000BY,50
P00000BX,49
P00000BW,48
P00000BV,47
P00000BU,46
P00000BT,45
P00000BS,44
P00000BR,43
P00000BQ,42
P00000BP,41
P00000BO,40
P00000BN,39
P00000BM,38
P00000BL,37
P00000BK,36
P00000BJ,35
P00000BI,34
P00000BH,33
P00000BG,32
P00000BF,31
P00000BE,30
P00000BD,29
P00000BC,28
P00000BB,27
